{
    "auxiliary_fan": "0",
    "bed_custom_model": "",
    "bed_custom_texture": "",
    "bed_exclude_area": [
        "0x0"
    ],
    "before_layer_change_gcode": ";BEFORE_LAYER_CHANGE\nG92 E0.0\n;[layer_z]\n",
    "best_object_pos": "0.5,0.5",
    "change_extrusion_role_gcode": "",
    "change_filament_gcode": "M600",
    "cooling_tube_length": "5",
    "cooling_tube_retraction": "91.5",
    "default_filament_profile": [
        "Sovol Generic PLA"
    ],
    "default_print_profile": "CV 1.5 SV07 100mms",
    "deretraction_speed": [
        "40"
    ],
    "enable_filament_ramming": "0",
    "extra_loading_move": "-2",
    "extruder_clearance_height_to_lid": "250",
    "extruder_clearance_height_to_rod": "250",
    "extruder_clearance_radius": "73",
    "extruder_colour": [
        "#FCE94F"
    ],
    "extruder_offset": [
        "0x0"
    ],
    "fan_kickstart": "0.3",
    "fan_speedup_overhangs": "0",
    "fan_speedup_time": "1",
    "from": "",
    "gcode_flavor": "klipper",
    "high_current_on_filament_swap": "0",
    "host_type": "octoprint",
    "inherits": "Sovol SV07 0.4 nozzle",
    "layer_change_gcode": ";AFTER_LAYER_CHANGE\n;[layer_z]\n",
    "machine_end_gcode": "; ### Required End-Print-macro for the Klipper Printer Additions\": Cleans up state, presents the print, moves head higher up, turn off extruder, bed, motors, fan. ###\n_End_Print\n\n; ### Optional call to \"Christian Vick's Klipper Printer Additions\": Let the external part fan run to cool the build plate fast. Set the build plate with the model vertically on the bed, and let the fan blow on it. Quite handy if you print in a row, or for impatient people. :-) ###\n; ### If you want to use this, remove the \";\" from the beginning of the next line: ###\n;Fan_Part_Aux_Timer SECONDS=180 SPEED=50  ;### This is for Printer Addtions v2.5 and higher. ###\n\n\n; ### Alternatively, the standard end-print macro in printer.cfg ###\n; ### If you want to use this, remove the \";\" from the next line, and disable the KPA-macro at the top: ###\n;END_PRINT\n\n",
    "machine_load_filament_time": "0",
    "machine_max_acceleration_e": [
        "10000"
    ],
    "machine_max_acceleration_extruding": [
        "8000",
        "1250"
    ],
    "machine_max_acceleration_retracting": [
        "8000",
        "1250"
    ],
    "machine_max_acceleration_travel": [
        "1500",
        "1250"
    ],
    "machine_max_acceleration_x": [
        "8000",
        "960"
    ],
    "machine_max_acceleration_y": [
        "8000",
        "960"
    ],
    "machine_max_acceleration_z": [
        "100",
        "200"
    ],
    "machine_max_jerk_e": [
        "30",
        "4.5"
    ],
    "machine_max_jerk_x": [
        "30",
        "8"
    ],
    "machine_max_jerk_y": [
        "30",
        "8"
    ],
    "machine_max_jerk_z": [
        "30",
        "0.4"
    ],
    "machine_max_speed_e": [
        "10",
        "120"
    ],
    "machine_max_speed_x": [
        "300",
        "100"
    ],
    "machine_max_speed_y": [
        "300",
        "100"
    ],
    "machine_max_speed_z": [
        "15",
        "12"
    ],
    "machine_min_extruding_rate": [
        "0"
    ],
    "machine_min_travel_rate": [
        "0"
    ],
    "machine_pause_gcode": "PAUSE\n",
    "machine_start_gcode": "; ### hack-fix to generate preview-images in Moonraker / fluidd / printer's display: Write fake slicer info here so that preprocess_cancellation can process. Do not remove the \";\". ###\n; generated by SuperSlicer 1.7.0 on 2024-01-03 at 00:00:00\n\n; ### Calling the pre-print-macro of the Klipper Printer Additions\".\n; ### https://www.printables.com/model/585691\n; ###Takes care of G2/3/17 errors, first layer consistency, speed heating, multi-mesh, adaptive mesh / priming ###\n; ### If you don't want to use this, for some strange reason ;), add a \";\" at the beginning of the next line: ####\n_Pre_Print_Procedure BED_TEMP=[bed_temperature_initial_layer_single] EXTRUDER_TEMP=[nozzle_temperature_initial_layer] CHAMBER_TEMP=[chamber_temperature] AREA_START={first_layer_print_min[0]},{first_layer_print_min[1]} AREA_END={first_layer_print_max[0]},{first_layer_print_max[1]} LAYER_C=[total_layer_count] LAYER_H=[layer_height] FILA_TYPE=[filament_type] NOZ_DIA={nozzle_diameter[0]}\nM140 S[bed_temperature_initial_layer_single] ; Let the Power failure Resume feature pickup the temperature.\nM104 S[nozzle_temperature_initial_layer]         ; Let the Power failure Resume feature pickup the temperature.\n\n; ### Alternatively, the standard pre-print macro in printer.cfg ###\n; ### If you want to use this, remove the \";\" from the next 3 lines: ####\n;M190 S[bed_temperature_initial_layer_single]\n;M109 S[nozzle_temperature_initial_layer]\n;START_PRINT\n",
    "machine_unload_filament_time": "0",
    "manual_filament_change": "1",
    "max_layer_height": [
        "0.32"
    ],
    "min_layer_height": [
        "0.07"
    ],
    "name": "CV 1.5 SV07",
    "nozzle_diameter": [
        "0.4"
    ],
    "nozzle_hrc": "0",
    "nozzle_type": "brass",
    "nozzle_volume": "0",
    "parking_pos_retraction": "92",
    "print_host": "192.168.178.56",
    "print_host_webui": "",
    "printable_area": [
        "0x0",
        "220x0",
        "220x220",
        "0x220"
    ],
    "printable_height": "250",
    "printer_model": "Sovol SV07",
    "printer_notes": "",
    "printer_settings_id": "CV 1.5 SV07",
    "printer_structure": "undefine",
    "printer_technology": "FFF",
    "printer_variant": "0.4",
    "printhost_apikey": "27cebfa7dd794c9ebbb4b1b0f2fedc9d",
    "printhost_authorization_type": "key",
    "printhost_cafile": "",
    "printhost_password": "",
    "printhost_port": "",
    "printhost_ssl_ignore_revoke": "0",
    "printhost_user": "",
    "purge_in_prime_tower": "0",
    "retract_before_wipe": [
        "33%"
    ],
    "retract_length_toolchange": [
        "10"
    ],
    "retract_lift_above": [
        "0"
    ],
    "retract_lift_below": [
        "0"
    ],
    "retract_lift_enforce": [
        "All Surfaces"
    ],
    "retract_restart_extra": [
        "0"
    ],
    "retract_restart_extra_toolchange": [
        "0"
    ],
    "retract_when_changing_layer": [
        "1"
    ],
    "retraction_length": [
        "0.5"
    ],
    "retraction_minimum_travel": [
        "2"
    ],
    "retraction_speed": [
        "40"
    ],
    "scan_first_layer": "0",
    "silent_mode": "0",
    "single_extruder_multi_material": "1",
    "support_air_filtration": "0",
    "support_chamber_temp_control": "0",
    "template_custom_gcode": "",
    "thumbnails": [
        "32x32",
        "400x300"
    ],
    "thumbnails_format": "PNG",
    "time_cost": "0",
    "time_lapse_gcode": "",
    "upward_compatible_machine": [],
    "use_firmware_retraction": "0",
    "use_relative_e_distances": "1",
    "version": "1.0.0.0",
    "wipe": [
        "1"
    ],
    "wipe_distance": [
        "1"
    ],
    "z_hop": [
        "0.2"
    ],
    "z_hop_types": [
        "Auto Lift"
    ],
    "z_offset": "0"
}
